job_id,job_title,job_url,location,job_type,business_unit,publish_time,page,card_text,snapshot_time,department,experience,education,responsibilities,requirements,tags,full_text
,游戏PV设计师,#/job/ab238828-4ef5-42a8-b3b0-4b6ed5054eb3,上海,策划,完美世界游戏,2026-03-02,1,急 游戏PV设计师 发布于 2026-03-02 全职 全职 | 美术设计类 美术设计类 | 本科 本科 | 上海市 上海市 完美世界游戏 岗位职责：1. 负责二次元游戏角色PV的全流程制作，包括创意设计、分镜脚本及后期制作，确保最终成片质量达到预期效果；2. 负责视频结构创意节奏的整体把控，能够独立完成引擎镜头制作、剪辑包装等全流程视频工作。任职要求：1. 熟练掌握 Unity/Unreal 的场景、角色、动作的导入和镜头、灯光的相关操作；2. 3年以上视频包装制作经验，精通PR、AE等专业剪辑软件，具备从创意构思到成片输出的全流程制作能力；3. 1年以上动漫/游戏/CG行业导演/编导经验者优先，具备专业分镜脚本绘制能力者更佳；4. 对二次元文化有深刻理解，具备出色的创意策划和视觉表现能力；5. 具备优秀的团队协作能力，能够高效统筹资源并把控项目进度与质量；6. 工作责任心强，学习能力强，富有创作热情，追求卓越的作品品质。 岗位职责： 1. 负责二次元游戏角色PV的全流程制作，包括创意设计、分镜脚本及后期制作，确保最终成片质量达到预期效果； 2. 负责视频结构创意节奏的整体把控，能够独立完成引擎镜头制作、剪辑包装等全流程视频工作。 任职要求： 1. 熟练掌握 Unity/Unreal 的场景、角色、动作的导入和镜头、灯光的相关操作； 2. 3年以上视频包装制作经验，精通PR、AE等专业剪辑软件，具备从创意构思到成片输出的全流程制作能力； 3. 1年以上动漫/游戏/CG行业导演/编导经验者优先，具备专业分镜脚本绘制能力者更佳； 4. 对二次元文化有深刻理解，具备出色的创意策划和视觉表现能力； 5. 具备优秀的团队协作能力，能够高效统筹资源并把控项目进度与质量； 6. 工作责任心强，学习能力强，富有创作热情，追求卓越的作品品质。 立即投递,2026-03-14 17:17:47,,,,,,,"[detail_parse_error] Page.goto: Protocol error (Page.navigate): Cannot navigate to invalid URL
Call log:
  - navigating to ""#/job/ab238828-4ef5-42a8-b3b0-4b6ed5054eb3"", waiting until ""domcontentloaded""
"
27,游戏市场营销策划（韩国区）,#/job/27a030e0-ca97-4a96-a841-f207ee10f420,上海,策划,完美世界游戏,2026-03-02,1,急 游戏市场营销策划（韩国区） 发布于 2026-03-02 全职 全职 | 市场&商务类 市场&商务类 | 本科 本科 | 上海市 上海市 完美世界游戏 岗位职责:1. 结合产品特点，针对韩国地区游戏用户群体，策划全阶段市场推广方案；2. 负责产品前期调研，分析产品市场定位、用户圈层、竞品情况；提炼产品卖点和市场宣传方向；3. 能独立跟进产品营销推广工作的落地执行，推进宣发筹备进度，执行能力强，具风险管控意识；4. 推动相关部门协作，推动组织内和平台间各项合作。工作要求:1. 3年以上海外市场营销工作经验，韩语能作为工作语言使用；2. 熟悉韩语地区地域文化，熟知海外游戏用户的主要触媒习惯；3. 紧抓市场热点，具备创意能力，敢于发散构思并落地执行方案。 岗位职责: 1. 结合产品特点，针对韩国地区游戏用户群体，策划全阶段市场推广方案； 2. 负责产品前期调研，分析产品市场定位、用户圈层、竞品情况；提炼产品卖点和市场宣传方向； 3. 能独立跟进产品营销推广工作的落地执行，推进宣发筹备进度，执行能力强，具风险管控意识； 4. 推动相关部门协作，推动组织内和平台间各项合作。 工作要求: 1. 3年以上海外市场营销工作经验，韩语能作为工作语言使用； 2. 熟悉韩语地区地域文化，熟知海外游戏用户的主要触媒习惯； 3. 紧抓市场热点，具备创意能力，敢于发散构思并落地执行方案。 立即投递,2026-03-14 17:17:47,,,,,,,"[detail_parse_error] Page.goto: Protocol error (Page.navigate): Cannot navigate to invalid URL
Call log:
  - navigating to ""#/job/27a030e0-ca97-4a96-a841-f207ee10f420"", waiting until ""domcontentloaded""
"
6,海外游戏素材策划,#/job/6cee01aa-eeb9-48f7-a2ca-a450a4465cc2,上海,策划,完美世界游戏,2026-03-02,1,急 海外游戏素材策划 发布于 2026-03-02 全职 全职 | 市场&商务类 市场&商务类 | 本科 本科 | 上海市 上海市 完美世界游戏 岗位职责：1、 深度理解游戏设计思路、IP内核、世界观设定与角色人设，精准提炼产品核心卖点与版本亮点，转化为具有强传播力的官方内容创意；2、 负责游戏官方品宣平面、视频素材（CG/ PV/ 角色演示/ 版本先导片/ 品牌TVC等）的全案策划与落地执行；3、 统筹官方内容从创意到落地的全流程生产，对接内部美术、设计等管线，协调供应商（动画公司、影视制作团队、CG团队），确保项目准时、高质量交付；4、 独立完成高质量的内容方案、创意脚本及分镜头脚本撰写，确保内容既能精准传达游戏调性，又能打动核心用户及泛二次元/目标受众；5、 具备高级视觉审美能力，对影片的风格、节奏、色彩、构图、音乐音效及叙事张力有敏锐的把控力，对成片品质负责。任职要求：1、3年以上游戏发行公司素材策划工作经验，具备良好的创意和审美能力，有完整的大型游戏宣发项目经历者优先；2、熟悉原画制作流程和审美，能独立完成高品质的视频宣传脚本及分镜设计，有成功落地的高品质PV/ CG/ 品牌片案例者优先；3、美术、设计、影视、编导、广告等相关专业背景，或具备经过项目验证的顶尖审美能力，对视觉艺术有强烈的敏感性；4、了解主流绘图软件、视频后期软件及三维制作流程，能以此与制作团队高效沟通、准确传达需求5、熟悉二次元内容社区生态，对二次元玩家内容偏好有深度认知。6、有海外素材制作经验，熟悉日/韩/欧美市场用户的审美偏好与文化禁忌加分。 岗位职责： 1、 深度理解游戏设计思路、IP内核、世界观设定与角色人设，精准提炼产品核心卖点与版本亮点，转化为具有强传播力的官方内容创意； 2、 负责游戏官方品宣平面、视频素材（CG/ PV/ 角色演示/ 版本先导片/ 品牌TVC等）的全案策划与落地执行； 3、 统筹官方内容从创意到落地的全流程生产，对接内部美术、设计等管线，协调供应商（动画公司、影视制作团队、CG团队），确保项目准时、高质量交付； 4、 独立完成高质量的内容方案、创意脚本及分镜头脚本撰写，确保内容既能精准传达游戏调性，又能打动核心用户及泛二次元/目标受众； 5、 具备高级视觉审美能力，对影片的风格、节奏、色彩、构图、音乐音效及叙事张力有敏锐的把控力，对成片品质负责。 任职要求： 1、3年以上游戏发行公司素材策划工作经验，具备良好的创意和审美能力，有完整的大型游戏宣发项目经历者优先； 2、熟悉原画制作流程和审美，能独立完成高品质的视频宣传脚本及分镜设计，有成功落地的高品质PV/ CG/ 品牌片案例者优先； 3、美术、设计、影视、编导、广告等相关专业背景，或具备经过项目验证的顶尖审美能力，对视觉艺术有强烈的敏感性； 4、了解主流绘图软件、视频后期软件及三维制作流程，能以此与制作团队高效沟通、准确传达需求 5、熟悉二次元内容社区生态，对二次元玩家内容偏好有深度认知。 6、有海外素材制作经验，熟悉日/韩/欧美市场用户的审美偏好与文化禁忌加分。 立即投递,2026-03-14 17:17:47,,,,,,,"[detail_parse_error] Page.goto: Protocol error (Page.navigate): Cannot navigate to invalid URL
Call log:
  - navigating to ""#/job/6cee01aa-eeb9-48f7-a2ca-a450a4465cc2"", waiting until ""domcontentloaded""
"
5,游戏制作人/工作室负责人,#/job/5fd377d1-5b91-4dba-8cc8-5ef653a90445,北京,策划,完美世界游戏,2026-01-28,1,急 游戏制作人/工作室负责人 发布于 2026-01-28 全职 全职 | 游戏策划类 游戏策划类 | 北京市 北京市 完美世界游戏 工作职责负责统筹游戏项目管理和团队管理确定产品战略方向和核心玩法与发行合作确定产品global发行策略；或者有0-1搭建发行团队能力福利与待遇base地不限有竞争力的激励政策配套的发行、IP等资源 工作职责 负责统筹游戏项目管理和团队管理 确定产品战略方向和核心玩法 与发行合作确定产品global发行策略；或者有0-1搭建发行团队能力 福利与待遇 base地不限 有竞争力的激励政策 配套的发行、IP等资源 立即投递,2026-03-14 17:17:47,,,,,,,"[detail_parse_error] Page.goto: Protocol error (Page.navigate): Cannot navigate to invalid URL
Call log:
  - navigating to ""#/job/5fd377d1-5b91-4dba-8cc8-5ef653a90445"", waiting until ""domcontentloaded""
"
,UI设计师（二次元）,#/job/d37305d2-5111-480e-91c2-8308f16674bc,北京,设计,完美世界游戏,2026-03-13,1,UI设计师（二次元） 发布于 2026-03-13 全职 全职 | 美术设计类 美术设计类 | 北京市 北京市 完美世界游戏 岗位职责：- 主导游戏UI视觉风格定位与定制化设计。- 运用AI工具进行高效灵感探索、风格试错与资产生成。- 完成全套GUI界面设计，建立并维护UI设计规范。- 推动设计落地，对最终视觉品质和用户体验负责。任职要求：- 3年以上游戏UI设计经验，有成功的风格定制案例。- 卓越的风格化设计能力与扎实的手绘功底。- 具备使用AI工具（如SD/MJ）辅助UI设计的能力，并能进行专业级二次创作。- 精通Figma/PS/AI等软件，具备出色的审美、沟通和团队协作能力。加分项： 具备UI动效设计能力，了解游戏引擎UI系统，有AI动效生成或模型训练经验。请附上个人简历与作品集，作品集需清晰展示您的风格定制能力，并欢迎体现AI辅助应用的作品。 岗位职责： - 主导游戏UI视觉风格定位与定制化设计。 - 运用AI工具进行高效灵感探索、风格试错与资产生成。 - 完成全套GUI界面设计，建立并维护UI设计规范。 - 推动设计落地，对最终视觉品质和用户体验负责。 任职要求： - 3年以上游戏UI设计经验，有成功的风格定制案例。 - 卓越的风格化设计能力与扎实的手绘功底。 - 具备使用AI工具（如SD/MJ）辅助UI设计的能力，并能进行专业级二次创作。 - 精通Figma/PS/AI等软件，具备出色的审美、沟通和团队协作能力。 加分项： 具备UI动效设计能力，了解游戏引擎UI系统，有AI动效生成或模型训练经验。 请附上个人简历与作品集，作品集需清晰展示您的风格定制能力，并欢迎体现AI辅助应用的作品。 立即投递,2026-03-14 17:17:47,,,,,,,"[detail_parse_error] Page.goto: Protocol error (Page.navigate): Cannot navigate to invalid URL
Call log:
  - navigating to ""#/job/d37305d2-5111-480e-91c2-8308f16674bc"", waiting until ""domcontentloaded""
"
03114142,C++客户端开发工程师,#/job/03114142-9265-41d2-a7c0-b09c107bda72,北京,测试,完美世界游戏,2026-03-12,1,C++客户端开发工程师 发布于 2026-03-12 全职 全职 | 游戏程序类 游戏程序类 | 北京市 北京市 完美世界游戏 岗位职责：1、负责游戏客户端模块的设计、开发与维护；2、参与游戏核心功能系统的编码实现，确保代码质量和性能；3、配合策划、美术、测试等团队，完成游戏功能需求的落地与优化；任职要求：1、计算机相关专业本科及以上学历，热爱编程和技术，对游戏开发有浓厚兴趣；2、熟悉C++语言，拥有扎实的数据结构和算法基础；3、喜欢游戏，愿意在游戏行业长期发展，具备较强的学习能力和自驱力；4、具备良好的沟通能力和团队合作意识，乐于接受挑战和解决问题。 岗位职责： 1、负责游戏客户端模块的设计、开发与维护； 2、参与游戏核心功能系统的编码实现，确保代码质量和性能； 3、配合策划、美术、测试等团队，完成游戏功能需求的落地与优化； 任职要求： 1、计算机相关专业本科及以上学历，热爱编程和技术，对游戏开发有浓厚兴趣； 2、熟悉C++语言，拥有扎实的数据结构和算法基础； 3、喜欢游戏，愿意在游戏行业长期发展，具备较强的学习能力和自驱力； 4、具备良好的沟通能力和团队合作意识，乐于接受挑战和解决问题。 立即投递,2026-03-14 17:17:47,,,,,,,"[detail_parse_error] Page.goto: Protocol error (Page.navigate): Cannot navigate to invalid URL
Call log:
  - navigating to ""#/job/03114142-9265-41d2-a7c0-b09c107bda72"", waiting until ""domcontentloaded""
"
,游戏测试组长（在研手游）,#/job/d4614f21-00fd-436c-a78f-386b1ae19f4d,广州,研发,完美世界游戏,2026-03-12,1,游戏测试组长（在研手游） 发布于 2026-03-12 全职 全职 | 游戏程序类 游戏程序类 | 本科 本科 | 广东·广州市 广东·广州市 完美世界游戏 职位描述:1、负责项目各功能模块的日常质量保障，对发布质量负责；2、分析策划的文档需求，以此为依据撰写测试计划和测试用例；3、和策划、研发沟通配合，定位和解决问题，提交测试结果；4、发现并提交BUG，推动BUG的解决；职位要求：1、统招本科及以上，计算机相关专业优先；2、5年以上游戏测试工作经验，具备海外多地区发行游戏项目经验优先；3、代码能力扎实，至少掌握一门编程语言，熟练掌握常用测试工具（如Postman、JMeter等），能够独立编写脚本或独立搭建自动化框架能力者优先；4、熟悉游戏研发流程，能够发现流程问题，给出改进方案并推进落地；5、测试广度和深度兼备，熟悉性能测试、兼容性测试、接口测试、服务器压测容灾等专项测试工作，能够主导各类专项测试工作的开展;6、具备优秀的沟通能力和团队协作精神，逻辑清晰，积极主动，能够很好的开展不同职能、不同项目之间的合作，对待工作有责任心；7、热爱游戏，有较强的学习能力，乐于探索，敢于承担责任和挑战。 职位描述: 1、负责项目各功能模块的日常质量保障，对发布质量负责； 2、分析策划的文档需求，以此为依据撰写测试计划和测试用例； 3、和策划、研发沟通配合，定位和解决问题，提交测试结果； 4、发现并提交BUG，推动BUG的解决； 职位要求： 1、统招本科及以上，计算机相关专业优先； 2、5年以上游戏测试工作经验，具备海外多地区发行游戏项目经验优先； 3、代码能力扎实，至少掌握一门编程语言，熟练掌握常用测试工具（如Postman、JMeter等），能够独立编写脚本或独立搭建自动化框架能力者优先； 4、熟悉游戏研发流程，能够发现流程问题，给出改进方案并推进落地； 5、测试广度和深度兼备，熟悉性能测试、兼容性测试、接口测试、服务器压测容灾等专项测试工作，能够主导各类专项测试工作的开展; 6、具备优秀的沟通能力和团队协作精神，逻辑清晰，积极主动，能够很好的开展不同职能、不同项目之间的合作，对待工作有责任心； 7、热爱游戏，有较强的学习能力，乐于探索，敢于承担责任和挑战。 立即投递,2026-03-14 17:17:47,,,,,,,"[detail_parse_error] Page.goto: Protocol error (Page.navigate): Cannot navigate to invalid URL
Call log:
  - navigating to ""#/job/d4614f21-00fd-436c-a78f-386b1ae19f4d"", waiting until ""domcontentloaded""
"
,游戏运营,#/job/ecab45bf-7585-4f03-8ade-3f9f130512a1,北京,测试,完美世界游戏,2026-03-12,1,游戏运营 发布于 2026-03-12 全职 全职 | 产品&运营类 产品&运营类 | 本科 本科 | 北京市 北京市 完美世界游戏 岗位职责：1、能透彻了解产品，深入了解用户属性，结合产品现状及用户需求对产品提出可行性优化建议；2、能根据游戏环境针对性的打击游戏外挂行为，制定打击策略，保证其准确性、及时性；3、基于拉新、促活、留存等指标策划游戏相关活动，完成文档更定，并推进整个活动的测试及上线；4、负责游戏服务器的筹备、开服、合服等相关工作；5、负责产品资料的撰写和维护。任职资格：1、大学本科及以上学历，有相关工作经验者优先；2、热爱游戏，拥有多款网络游戏深入游玩经验，对游戏运营有较深了解；有老牌经典mmorpg类网游经验优先；3、具有一定的数据分析能力，且具备足够的敏感度；4.、具有良好的沟通能力和文字总结能力，对工作进度可以有宏观上的把控；5.、可以熟练的使用Viso、Axure、Excel，PPT，Word，MindMaster（XMind）、photoshop等常用工具；6、工作认真细心，执行能力强，具有强烈的责任心 岗位职责： 1、能透彻了解产品，深入了解用户属性，结合产品现状及用户需求对产品提出可行性优化建议； 2、能根据游戏环境针对性的打击游戏外挂行为，制定打击策略，保证其准确性、及时性； 3、基于拉新、促活、留存等指标策划游戏相关活动，完成文档更定，并推进整个活动的测试及上线； 4、负责游戏服务器的筹备、开服、合服等相关工作； 5、负责产品资料的撰写和维护。 任职资格： 1、大学本科及以上学历，有相关工作经验者优先； 2、热爱游戏，拥有多款网络游戏深入游玩经验，对游戏运营有较深了解；有老牌经典mmorpg类网游经验优先； 3、具有一定的数据分析能力，且具备足够的敏感度； 4.、具有良好的沟通能力和文字总结能力，对工作进度可以有宏观上的把控； 5.、可以熟练的使用Viso、Axure、Excel，PPT，Word，MindMaster（XMind）、photoshop等常用工具； 6、工作认真细心，执行能力强，具有强烈的责任心 立即投递,2026-03-14 17:17:47,,,,,,,"[detail_parse_error] Page.goto: Protocol error (Page.navigate): Cannot navigate to invalid URL
Call log:
  - navigating to ""#/job/ecab45bf-7585-4f03-8ade-3f9f130512a1"", waiting until ""domcontentloaded""
"
48,游戏关卡策划【P5X】,#/job/48a86d78-d991-4f69-8e1f-7e62eccf1d69,北京,测试,完美世界游戏,2026-03-11,1,游戏关卡策划【P5X】 发布于 2026-03-11 全职 全职 | 游戏策划类 游戏策划类 | 北京市 北京市 完美世界游戏 职位职责1.负责游戏内箱庭式关卡的设计与落地，包括关卡布局、流程节奏、机关解谜、怪物布置等，结合剧情主题打造兼具趣味性、挑战性与沉浸感的关卡体验。2.提交关卡相关资源需求，与美术沟通完成包括场景、物件、角色等资源的制作。3.协同美术、程序、测试等相关岗位，高效推进关卡流程和玩法机制的开发迭代，产出高品质的关卡内容。职位要求1.3年以上关卡策划相关工作经验，熟悉关卡制作流程，具备较好的关卡设计能力。2.擅长设计关卡内解谜事件及机关，对关卡场景交互有自己的思考和总结。3.在关卡设计工作上有一定经验积累，可以熟练使用至少一款关卡设计工具。4.可以熟练使用Unity编辑器者优先。5.资深日系RPG或JRPG游戏玩家优先。 职位职责 1.负责游戏内箱庭式关卡的设计与落地，包括关卡布局、流程节奏、机关解谜、怪物布置等，结合剧情主题打造兼具趣味性、挑战性与沉浸感的关卡体验。 2.提交关卡相关资源需求，与美术沟通完成包括场景、物件、角色等资源的制作。 3.协同美术、程序、测试等相关岗位，高效推进关卡流程和玩法机制的开发迭代，产出高品质的关卡内容。 职位要求 1.3年以上关卡策划相关工作经验，熟悉关卡制作流程，具备较好的关卡设计能力。 2.擅长设计关卡内解谜事件及机关，对关卡场景交互有自己的思考和总结。 3.在关卡设计工作上有一定经验积累，可以熟练使用至少一款关卡设计工具。 4.可以熟练使用Unity编辑器者优先。 5.资深日系RPG或JRPG游戏玩家优先。 立即投递,2026-03-14 17:17:47,,,,,,,"[detail_parse_error] Page.goto: Protocol error (Page.navigate): Cannot navigate to invalid URL
Call log:
  - navigating to ""#/job/48a86d78-d991-4f69-8e1f-7e62eccf1d69"", waiting until ""domcontentloaded""
"
57,AI视觉创意师,#/job/57f2ed31-ae52-4f5e-a796-4f6f9096e9f5,苏州,设计,完美世界游戏,2026-03-11,1,AI视觉创意师 发布于 2026-03-11 全职 全职 | 美术设计类 美术设计类 | 本科 本科 | 江苏·苏州市 江苏·苏州市 完美世界游戏 岗位职责1. 镜头设计与叙事转化：根据剧本或创意文案，独立完成动画镜头设计，将文字脚本转化为具有视觉表现力的AI分镜图，确保镜头语言符合叙事逻辑和情感表达。2. 视觉基调与效果把控：负责为关键镜头制作Color Key（色彩基调图）及特效参考图，从光影、色彩、氛围等维度把控画面的整体视觉风格。3. 概念设计与美术设定：根据项目需求，利用AI工具创作场景概念图、角色设计图及道具设定，为项目提供前期美术方向的视觉参考。4. AI工具应用与全流程创作：熟练运用前沿AI工具完成图像生成、视频制作及后期合成，深度参与AIGC短片的全流程生产。5. 生产管线设计与优化：设计并优化AI美术生产管线，实现AI生成流程与传统美术流程的无缝衔接，提升团队整体创作效率与输出质量。6. 行业趋势追踪：密切关注AI行业动态（如OpenAI、Stability AI、国内即梦、可灵等平台的最新发布），快速学习并引入新技术，保持内容制作的领先性。7. 艺术质量把控：凭借较高的艺术审美和丰富的镜头语言知识，对AI生成内容进行筛选、优化和二次创作，确保最终成片达到电影级质感。 【任职要求】1. 硬性技能要求：o 图像生成：熟练掌握Midjourney、Stable Diffusion（包含ComfyUI工作流以及ControlNet、LoRA、Flux、Kontext等控图模块），可把控风格与系列生成能力。o 视频生成：熟练使用Runway、Veo3、可灵、即梦、海螺、Pika等图生视频模型及工具。o 配音配乐：了解Suno、Udio等音乐AI工具，能配合画面情绪使配音与配乐完美融合。o 本地部署与模型训练：具备本地API部署能力，能够搭建和配置Stable Diffusion等AI模型的本地服务环境；有大模型训练/微调/部署项目经验（开源或私有模型均可），熟悉模型优化与私有化部署。o 后期与3D工具：熟练使用Photoshop、Premiere、After Effects、Blender、Unreal Engine等工具；熟练掌握CapCut/剪映专业版等视频编辑工具，具备基础的后期剪辑能力。o 学习能力：具备良好的沟通能力和学习能力，能够快速适应AI技术的快速迭代。2. 专业背景：影视制作、动画、数字媒体艺术、广告学等相关专业毕业者优先。3. 视觉审美：具备优秀的艺术审美能力，对构图、色彩、光影有深刻理解；简历需附带个人视觉作品集（请勿只放链接，需提供可直接浏览的文件或密码）。4. 镜头语言：熟悉视听语言，理解景别、运镜、蒙太奇在叙事中的作用。【加分项】· 二次元/ACG文化：对二次元文化有深刻理解，熟悉日系画风、番剧镜头表现，能够利用AI生成具有“二次元味”的高质量内容。· 美术功底：有扎实的传统美术功底，能够手绘草图辅助AI生成。· 执行导演经验：有传统CG执行导演经验，熟悉影视工业流程。· AIGC创作获奖：有AIGC内容创作相关获奖经历或行业影响力作品。· 后期精修能力：熟练使用DaVinci Resolve（达芬奇）进行专业调色，或精通After Effects复杂特效制作。 岗位职责 1. 镜头设计与叙事转化：根据剧本或创意文案，独立完成动画镜头设计，将文字脚本转化为具有视觉表现力的AI分镜图，确保镜头语言符合叙事逻辑和情感表达。 2. 视觉基调与效果把控：负责为关键镜头制作Color Key（色彩基调图）及特效参考图，从光影、色彩、氛围等维度把控画面的整体视觉风格。 3. 概念设计与美术设定：根据项目需求，利用AI工具创作场景概念图、角色设计图及道具设定，为项目提供前期美术方向的视觉参考。 4. AI工具应用与全流程创作：熟练运用前沿AI工具完成图像生成、视频制作及后期合成，深度参与AIGC短片的全流程生产。 5. 生产管线设计与优化：设计并优化AI美术生产管线，实现AI生成流程与传统美术流程的无缝衔接，提升团队整体创作效率与输出质量。 6. 行业趋势追踪：密切关注AI行业动态（如OpenAI、Stability AI、国内即梦、可灵等平台的最新发布），快速学习并引入新技术，保持内容制作的领先性。 7. 艺术质量把控：凭借较高的艺术审美和丰富的镜头语言知识，对AI生成内容进行筛选、优化和二次创作，确保最终成片达到电影级质感。 【任职要求】 1. 硬性技能要求： o 图像生成：熟练掌握Midjourney、Stable Diffusion（包含ComfyUI工作流以及ControlNet、LoRA、Flux、Kontext等控图模块），可把控风格与系列生成能力。 o 视频生成：熟练使用Runway、Veo3、可灵、即梦、海螺、Pika等图生视频模型及工具。 o 配音配乐：了解Suno、Udio等音乐AI工具，能配合画面情绪使配音与配乐完美融合。 o 本地部署与模型训练：具备本地API部署能力，能够搭建和配置Stable Diffusion等AI模型的本地服务环境；有大模型训练/微调/部署项目经验（开源或私有模型均可），熟悉模型优化与私有化部署。 o 后期与3D工具：熟练使用Photoshop、Premiere、After Effects、Blender、Unreal Engine等工具；熟练掌握CapCut/剪映专业版等视频编辑工具，具备基础的后期剪辑能力。 o 学习能力：具备良好的沟通能力和学习能力，能够快速适应AI技术的快速迭代。 2. 专业背景：影视制作、动画、数字媒体艺术、广告学等相关专业毕业者优先。 3. 视觉审美：具备优秀的艺术审美能力，对构图、色彩、光影有深刻理解；简历需附带个人视觉作品集（请勿只放链接，需提供可直接浏览的文件或密码）。 4. 镜头语言：熟悉视听语言，理解景别、运镜、蒙太奇在叙事中的作用。 【加分项】 · 二次元/ACG文化：对二次元文化有深刻理解，熟悉日系画风、番剧镜头表现，能够利用AI生成具有“二次元味”的高质量内容。 · 美术功底：有扎实的传统美术功底，能够手绘草图辅助AI生成。 · 执行导演经验：有传统CG执行导演经验，熟悉影视工业流程。 · AIGC创作获奖：有AIGC内容创作相关获奖经历或行业影响力作品。 · 后期精修能力：熟练使用DaVinci Resolve（达芬奇）进行专业调色，或精通After Effects复杂特效制作。 立即投递,2026-03-14 17:17:47,,,,,,,"[detail_parse_error] Page.goto: Protocol error (Page.navigate): Cannot navigate to invalid URL
Call log:
  - navigating to ""#/job/57f2ed31-ae52-4f5e-a796-4f6f9096e9f5"", waiting until ""domcontentloaded""
"
,游戏动作设计师（诛仙世界）,#/job/f7ac9aee-351b-4e59-864b-94e529757360,北京,设计,完美世界游戏,2026-03-11,1,游戏动作设计师（诛仙世界） 发布于 2026-03-11 全职 全职 | 美术设计类 美术设计类 | 北京市 北京市 完美世界游戏 岗位职责：1.负责游戏3D角色动作设计和输出。2.负责游戏中各类角色的骨骼、面部绑定，保证角色动作整体符合游戏风格与技术规范要求。3.配合项目优化动作、打击感体验，优化并确定风格方向，输出动作设计模版和规范。4.与特效程序完成最终输出动作及性能优化。岗位要求：1. 关注游戏体验，结合本岗位工作配合产品改进游戏体验；2.熟悉运动规律，能较好的设计并制作出自然、流畅、合理的动作；3.3年及以上游戏动作工作经验，有镜头感，对动作和关键帧有深刻的认识；4.对人物、动物、机械等骨骼设置熟悉，合理进行蒙皮制作，对于骨骼优化及动作上的细节体现有一定的主动意识。 岗位职责： 1.负责游戏3D角色动作设计和输出。 2.负责游戏中各类角色的骨骼、面部绑定，保证角色动作整体符合游戏风格与技术规范要求。 3.配合项目优化动作、打击感体验，优化并确定风格方向，输出动作设计模版和规范。 4.与特效程序完成最终输出动作及性能优化。 岗位要求： 1. 关注游戏体验，结合本岗位工作配合产品改进游戏体验； 2.熟悉运动规律，能较好的设计并制作出自然、流畅、合理的动作； 3.3年及以上游戏动作工作经验，有镜头感，对动作和关键帧有深刻的认识； 4.对人物、动物、机械等骨骼设置熟悉，合理进行蒙皮制作，对于骨骼优化及动作上的细节体现有一定的主动意识。 立即投递,2026-03-14 17:17:47,,,,,,,"[detail_parse_error] Page.goto: Protocol error (Page.navigate): Cannot navigate to invalid URL
Call log:
  - navigating to ""#/job/f7ac9aee-351b-4e59-864b-94e529757360"", waiting until ""domcontentloaded""
"
4,视频设计实习生,#/job/4a492506-bc93-4819-9649-0f2257ac2682,北京,策划,完美世界游戏,2026-03-10,1,视频设计实习生 发布于 2026-03-10 全职 全职 | 美术设计类 美术设计类 | 北京市 北京市 完美世界游戏 Base：北京岗位职责： 1. 负责二次元游戏全球视频广告的制作，包括脚本创意、视频剪辑、后期包装，确保最终成片质量 ；2. 负责视频结构、创意节奏、视听语言的整体把控，确保视频表现力 ；3. 定期收集国内外游戏广告宣传相关信息，并整理分享 ；4. 了解各媒体平台调性，至少熟悉一个视频媒体平台 ；岗位要求： 1. 本科以上学历，有视频剪辑、策划、自媒体经验者优先 ；2. 热爱游戏！对游戏各种新闻话题有敏感度，对二次元游戏宣传推广有一定认知 ；3. 熟练使用 PR、AE 视频制作软件，具备一定构图、运镜、转场、美感知识 ；4. 学习主动性强，善于沟通，有良好的工作态度及创新意识，富有创作热情 ；5. 有虚幻引擎和 AI 视频工具使用经验者优先 ；6. 投递简历时，请附上个人作品。 Base：北京 岗位职责： 1. 负责二次元游戏全球视频广告的制作，包括脚本创意、视频剪辑、后期包装，确保最终成片质量 ； 2. 负责视频结构、创意节奏、视听语言的整体把控，确保视频表现力 ； 3. 定期收集国内外游戏广告宣传相关信息，并整理分享 ； 4. 了解各媒体平台调性，至少熟悉一个视频媒体平台 ； 岗位要求： 1. 本科以上学历，有视频剪辑、策划、自媒体经验者优先 ； 2. 热爱游戏！对游戏各种新闻话题有敏感度，对二次元游戏宣传推广有一定认知 ； 3. 熟练使用 PR、AE 视频制作软件，具备一定构图、运镜、转场、美感知识 ； 4. 学习主动性强，善于沟通，有良好的工作态度及创新意识，富有创作热情 ； 5. 有虚幻引擎和 AI 视频工具使用经验者优先 ； 6. 投递简历时，请附上个人作品。 立即投递,2026-03-14 17:17:47,,,,,,,"[detail_parse_error] Page.goto: Protocol error (Page.navigate): Cannot navigate to invalid URL
Call log:
  - navigating to ""#/job/4a492506-bc93-4819-9649-0f2257ac2682"", waiting until ""domcontentloaded""
"
35614176,UE/交互设计师（游戏）,#/job/35614176-fbe3-4178-9d0f-c60e5274c28a,广州,研发,完美世界游戏,2026-03-10,1,UE/交互设计师（游戏） 发布于 2026-03-10 全职 全职 | 美术设计类 美术设计类 | 广东·广州市 广东·广州市 完美世界游戏 岗位职责1. 负责项目早期交互框架的搭建，根据游戏世界观和玩法核心，设计符合游戏体验的交互系统；2. 配合UI设计师完成部分界面的UI设计，确保交互方案在视觉层面的准确落地；3. 输出交互文档、流程图、高保真原型，清晰表达设计方案，推动策划、程序、美术的高效协作；4. 关注用户测试与数据反馈，持续优化界面易用性与体验细节，提升游戏整体品质；5. 参与项目早期的创意讨论，从交互视角为美术表现、动画效果、游戏氛围提供专业建议。任职资格1. 本科及以上学历，交互设计、工业设计、数字媒体艺术、人机交互等相关专业，具备良好的审美和逻辑能力；2. 三年以上游戏交互设计经验，有完整参与已上线游戏项目经验者优先；有二次元或模拟经营类游戏项目经验者优先；3. 熟悉游戏研发全流程，能独立完成从需求分析、原型设计到落地的闭环工作；4. 熟练掌握 Figma、Sketch、Axure 等交互设计工具，能独立完成界面拼接或轻量UI设计（有UI设计能力者优先）；加分项· 有二次元或模拟经营类项目经验· 有UI设计/界面拼接经验· 有从0到1搭建项目交互体系的经验 岗位职责 1. 负责项目早期交互框架的搭建，根据游戏世界观和玩法核心，设计符合游戏体验的交互系统； 2. 配合UI设计师完成部分界面的UI设计，确保交互方案在视觉层面的准确落地； 3. 输出交互文档、流程图、高保真原型，清晰表达设计方案，推动策划、程序、美术的高效协作； 4. 关注用户测试与数据反馈，持续优化界面易用性与体验细节，提升游戏整体品质； 5. 参与项目早期的创意讨论，从交互视角为美术表现、动画效果、游戏氛围提供专业建议。 任职资格 1. 本科及以上学历，交互设计、工业设计、数字媒体艺术、人机交互等相关专业，具备良好的审美和逻辑能力； 2. 三年以上游戏交互设计经验，有完整参与已上线游戏项目经验者优先；有二次元或模拟经营类游戏项目经验者优先； 3. 熟悉游戏研发全流程，能独立完成从需求分析、原型设计到落地的闭环工作； 4. 熟练掌握 Figma、Sketch、Axure 等交互设计工具，能独立完成界面拼接或轻量UI设计（有UI设计能力者优先）； 加分项 · 有二次元或模拟经营类项目经验 · 有UI设计/界面拼接经验 · 有从0到1搭建项目交互体系的经验 立即投递,2026-03-14 17:17:47,,,,,,,"[detail_parse_error] Page.goto: Protocol error (Page.navigate): Cannot navigate to invalid URL
Call log:
  - navigating to ""#/job/35614176-fbe3-4178-9d0f-c60e5274c28a"", waiting until ""domcontentloaded""
"
,游戏战略研究,#/job/ce2cdfda-8d5b-428f-9637-a02eb3a5b994,北京,运营,完美世界游戏,2026-03-10,1,游戏战略研究 发布于 2026-03-10 全职 全职 | 产品&运营类 产品&运营类 | 本科 本科 | 北京市 北京市 完美世界游戏 岗位职责1、独立开展全球游戏行业宏观分析，完成年度 / 季度市场规模、收入结构、用户趋势等数据梳理、洞察提炼与正式报告撰写，为团队核心战略判断提供数据与结论支撑。2、深度参与全球重点区域市场研究（北美、欧洲、东南亚、中东等），分析区域用户偏好、政策监管、竞争格局与爆款产品逻辑，输出可落地的区域市场策略洞察。3、负责核心游戏品类专项研究（RPG、SLG、MMO、休闲等），跟踪玩法创新、版本迭代、商业化模式演进，形成结构化品类研究报告与趋势判断。4、主导 / 参与游戏行业专题研究，整合行业案例、用户反馈、竞品动态，提炼核心结论，预判行业发展趋势。持续跟踪热点产品、头部厂商及行业动态，定期输出高质量行业简报与信息摘要。5、配合团队完成战略规划、新品孵化、赛道评估等相关研究支持工作。任职要求1、本科及以上学历，经管、统计、传媒、社会学、传播学等相关专业优先。2、拥有 2-3 年游戏行业 / 互联网行业战略研究、行业分析、市场研究相关工作经验，有游戏研报输出、赛道分析经验者优先。3、热爱游戏行业，深度熟悉主流游戏品类与全球游戏市场，具备成熟的行业认知与分析框架。4、具备扎实的数据处理、信息搜集与逻辑分析能力，能熟练使用 Excel、PPT 完成数据可视化与专业报告撰写。5、具备较强的自驱力、执行力与团队协作能力，可独立高效完成研究课题与交付物。 岗位职责 1、独立开展全球游戏行业宏观分析，完成年度 / 季度市场规模、收入结构、用户趋势等数据梳理、洞察提炼与正式报告撰写，为团队核心战略判断提供数据与结论支撑。 2、深度参与全球重点区域市场研究（北美、欧洲、东南亚、中东等），分析区域用户偏好、政策监管、竞争格局与爆款产品逻辑，输出可落地的区域市场策略洞察。 3、负责核心游戏品类专项研究（RPG、SLG、MMO、休闲等），跟踪玩法创新、版本迭代、商业化模式演进，形成结构化品类研究报告与趋势判断。 4、主导 / 参与游戏行业专题研究，整合行业案例、用户反馈、竞品动态，提炼核心结论，预判行业发展趋势。 持续跟踪热点产品、头部厂商及行业动态，定期输出高质量行业简报与信息摘要。 5、配合团队完成战略规划、新品孵化、赛道评估等相关研究支持工作。 任职要求 1、本科及以上学历，经管、统计、传媒、社会学、传播学等相关专业优先。 2、拥有 2-3 年游戏行业 / 互联网行业战略研究、行业分析、市场研究相关工作经验，有游戏研报输出、赛道分析经验者优先。 3、热爱游戏行业，深度熟悉主流游戏品类与全球游戏市场，具备成熟的行业认知与分析框架。 4、具备扎实的数据处理、信息搜集与逻辑分析能力，能熟练使用 Excel、PPT 完成数据可视化与专业报告撰写。 5、具备较强的自驱力、执行力与团队协作能力，可独立高效完成研究课题与交付物。 立即投递,2026-03-14 17:17:47,,,,,,,"[detail_parse_error] Page.goto: Protocol error (Page.navigate): Cannot navigate to invalid URL
Call log:
  - navigating to ""#/job/ce2cdfda-8d5b-428f-9637-a02eb3a5b994"", waiting until ""domcontentloaded""
"
,游戏开发工程师（客户端）,#/job/a3b46bff-fb75-4529-8cba-4782ff195f63,北京,测试,完美世界游戏,2026-03-10,1,游戏开发工程师（客户端） 发布于 2026-03-10 全职 全职 | 游戏程序类 游戏程序类 | 本科 本科 | 北京市 北京市 完美世界游戏 工作职责：1、功能开发与维护： 负责游戏客户端/服务器端功能模块的设计、编码与实现，并对现有游戏功能进行持续的优化与维护。2、跨部门协作： 与策划人员高效沟通，深入参与设计文档的评审与讨论，从技术角度识别潜在风险、规避设计漏洞，共同完成高质量的游戏玩法落地。3、项目推进： 对开发任务进行合理分解与评估，确保功能开发按时、高质量交付；主动跟进开发进度，保障项目迭代周期的可控性与稳定性。任职资格：1、经验要求： 1年以上游戏开发经验，经历过完整项目生命周期（开发-测试-上线运营-版本迭代）者优先。2、核心技能： 熟练掌握C/C++语言，深刻理解STL库特性并能熟练运用；具备良好的编码规范和代码风格。3、专业基础： 计算机基础知识扎实，精通算法与数据结构；深入理解面向对象编程思想，能够在实际开发中合理运用设计模式以提升代码的可维护性与扩展性。4、逻辑思维： 具备缜密的逻辑思维能力，能够快速理解复杂的游戏规则与交互逻辑，并能将其转化为清晰的技术实现方案。5、加分技能： 有Unity3D (U3D) 项目开发经验者优先。综合素质：1、具备强大的自驱力与主动性，对技术有好奇心和学习研究精神，不自我设限。2、拥有独立分析和解决问题的能力，能在关键时刻推动技术难题的攻克。 工作职责： 1、功能开发与维护： 负责游戏客户端/服务器端功能模块的设计、编码与实现，并对现有游戏功能进行持续的优化与维护。 2、跨部门协作： 与策划人员高效沟通，深入参与设计文档的评审与讨论，从技术角度识别潜在风险、规避设计漏洞，共同完成高质量的游戏玩法落地。 3、项目推进： 对开发任务进行合理分解与评估，确保功能开发按时、高质量交付；主动跟进开发进度，保障项目迭代周期的可控性与稳定性。 任职资格： 1、经验要求： 1年以上游戏开发经验，经历过完整项目生命周期（开发-测试-上线运营-版本迭代）者优先。 2、核心技能： 熟练掌握C/C++语言，深刻理解STL库特性并能熟练运用；具备良好的编码规范和代码风格。 3、专业基础： 计算机基础知识扎实，精通算法与数据结构；深入理解面向对象编程思想，能够在实际开发中合理运用设计模式以提升代码的可维护性与扩展性。 4、逻辑思维： 具备缜密的逻辑思维能力，能够快速理解复杂的游戏规则与交互逻辑，并能将其转化为清晰的技术实现方案。 5、加分技能： 有Unity3D (U3D) 项目开发经验者优先。 综合素质： 1、具备强大的自驱力与主动性，对技术有好奇心和学习研究精神，不自我设限。 2、拥有独立分析和解决问题的能力，能在关键时刻推动技术难题的攻克。 立即投递,2026-03-14 17:17:47,,,,,,,"[detail_parse_error] Page.goto: Protocol error (Page.navigate): Cannot navigate to invalid URL
Call log:
  - navigating to ""#/job/a3b46bff-fb75-4529-8cba-4782ff195f63"", waiting until ""domcontentloaded""
"
6,财务BP,#/job/6c4cbfd5-69d2-4e78-8da0-9cc106681d02,北京,数据,完美世界游戏,2026-03-09,1,财务BP 发布于 2026-03-09 全职 全职 | 综合类 综合类 | 北京市 北京市 完美世界游戏 工作职责：1.业务支持：深度对接业务团队，快速响应需求并提供有反馈和支持，成为业务值得信赖的合作伙伴。2.预算管理：负责业务部门年度预算编制、政策制定及预算审核工作。实施滚动预测与动态调整，确保预算执行合理。3.经营分析：定期进行经营情况总结、分析、汇报。通过财务数据挖掘业务数据及经营层面识别关键问题，推动问题优化和解决；4.费用管理：保障费用使用的合规性和合理性，不断优化使用规范及费用控制；5.财务预警：根据业务经营计划，梳理各项业务活动目标及规划，形成过程管理指标，跟进、评估业务计划达成效果，定期分析差异并预警，促进业务发展；6.跨部门协同：作为财务与业务之间的桥梁，统筹协调各团队与总部的协作流程。任职要求：1.财务或者相关专业本科及以上学历，3-5年财务相关经验，2.喜欢游戏行业，具备事务所或BP岗位工作经验优先；3.具有良好的沟通协调能力，能有效推动跨团队、跨部门合作；4.责任心强，具备良好的团队协作能力和抗压能力具备较强的学习能力和业务理解能力，能快速上手工作，保障交付效率和质量。 工作职责： 1.业务支持：深度对接业务团队，快速响应需求并提供有反馈和支持，成为业务值得信赖的合作伙伴。 2.预算管理：负责业务部门年度预算编制、政策制定及预算审核工作。实施滚动预测与动态调整，确保预算执行合理。 3.经营分析：定期进行经营情况总结、分析、汇报。通过财务数据挖掘业务数据及经营层面识别关键问题，推动问题优化和解决； 4.费用管理：保障费用使用的合规性和合理性，不断优化使用规范及费用控制； 5.财务预警：根据业务经营计划，梳理各项业务活动目标及规划，形成过程管理指标，跟进、评估业务计划达成效果，定期分析差异并预警，促进业务发展； 6.跨部门协同：作为财务与业务之间的桥梁，统筹协调各团队与总部的协作流程。 任职要求： 1.财务或者相关专业本科及以上学历，3-5年财务相关经验， 2.喜欢游戏行业，具备事务所或BP岗位工作经验优先； 3.具有良好的沟通协调能力，能有效推动跨团队、跨部门合作； 4.责任心强，具备良好的团队协作能力和抗压能力 具备较强的学习能力和业务理解能力，能快速上手工作，保障交付效率和质量。 立即投递,2026-03-14 17:17:47,,,,,,,"[detail_parse_error] Page.goto: Protocol error (Page.navigate): Cannot navigate to invalid URL
Call log:
  - navigating to ""#/job/6c4cbfd5-69d2-4e78-8da0-9cc106681d02"", waiting until ""domcontentloaded""
"
,服务器开发工程师,#/job/de7a8784-2578-43a3-8bc2-d737543ff0fa,成都,测试,完美世界游戏,2026-03-09,1,"服务器开发工程师 发布于 2026-03-09 全职 全职 | 游戏程序类 游戏程序类 | 本科 本科 | 四川·成都市 四川·成都市 完美世界游戏 岗位职责：1. 设计和开发游戏服务器端,包括服务器结构和逻辑,数据库结构,通信协议；2. 负责游戏服务器端各功能模块的设计及实施；3. 针对游戏开发的需求，设计并完成周边性能压力测试等；4. 参与后台系统架构设计、性能优化、服务健壮性保障。岗位要求：1. 熟悉golang编程语言，或精通c/c++；2. 熟悉linux操作系统，熟练掌握各种命令与操作；3. 熟悉mysql数据库并了解内部机制，并可进行数据库优化；4. 熟悉socket开发, 熟悉TCP/IP等网络协议和相关编程；5. 有大型游戏服务器开发经验；6. 有linux部署经验及线上问题的追踪处理能力。加分项：1. 使用golang开发大型MMO游戏服务器，并成功上线运营2. 有高负载、高并发开发设计经验3. 熟悉常见缓存服务，熟练各种存储系统 岗位职责：1. 设计和开发游戏服务器端,包括服务器结构和逻辑,数据库结构,通信协议；2. 负责游戏服务器端各功能模块的设计及实施；3. 针对游戏开发的需求，设计并完成周边性能压力测试等；4. 参与后台系统架构设计、性能优化、服务健壮性保障。岗位要求：1. 熟悉golang编程语言，或精通c/c++；2. 熟悉linux操作系统，熟练掌握各种命令与操作；3. 熟悉mysql数据库并了解内部机制，并可进行数据库优化；4. 熟悉socket开发, 熟悉TCP/IP等网络协议和相关编程；5. 有大型游戏服务器开发经验；6. 有linux部署经验及线上问题的追踪处理能力。加分项：1. 使用golang开发大型MMO游戏服务器，并成功上线运营2. 有高负载、高并发开发设计经验3. 熟悉常见缓存服务，熟练各种存储系统 立即投递",2026-03-14 17:17:47,,,,,,,"[detail_parse_error] Page.goto: Protocol error (Page.navigate): Cannot navigate to invalid URL
Call log:
  - navigating to ""#/job/de7a8784-2578-43a3-8bc2-d737543ff0fa"", waiting until ""domcontentloaded""
"
,游戏特效设计师,#/job/f604894c-02db-430e-a5a8-a7bdd8f3411d,北京,设计,完美世界游戏,2026-03-09,1,游戏特效设计师 发布于 2026-03-09 全职 全职 | 美术设计类 美术设计类 | 北京市 北京市 完美世界游戏 岗位职责：协助资深特效师完成职业技能、时装及场景等基础特效的制作与调试；学习并掌握唯美仙侠风格的特效表现手法，参与粒子系统、贴图动画的基础应用；配合团队在自研引擎中完成特效资源的导入、基础配置及效果优化；参与特效贴图的简单绘制与序列帧制作，积累特效设计经验。任职要求：动画、数字媒体艺术等相关专业优先；熟悉 3ds Max、Photoshop 基础操作，了解粒子系统或特效制作基本流程；对色彩、构图、节奏有基础审美，热爱特效设计，对唯美风格有向往；了解仙侠题材，熟悉《诛仙》IP或有端游体验者优先；具备良好的学习能力和团队协作意识，态度积极，乐于接受反馈与指导。 岗位职责： 协助资深特效师完成职业技能、时装及场景等基础特效的制作与调试； 学习并掌握唯美仙侠风格的特效表现手法，参与粒子系统、贴图动画的基础应用； 配合团队在自研引擎中完成特效资源的导入、基础配置及效果优化； 参与特效贴图的简单绘制与序列帧制作，积累特效设计经验。 任职要求： 动画、数字媒体艺术等相关专业优先； 熟悉 3ds Max、Photoshop 基础操作，了解粒子系统或特效制作基本流程； 对色彩、构图、节奏有基础审美，热爱特效设计，对唯美风格有向往； 了解仙侠题材，熟悉《诛仙》IP或有端游体验者优先； 具备良好的学习能力和团队协作意识，态度积极，乐于接受反馈与指导。 立即投递,2026-03-14 17:17:47,,,,,,,"[detail_parse_error] Page.goto: Protocol error (Page.navigate): Cannot navigate to invalid URL
Call log:
  - navigating to ""#/job/f604894c-02db-430e-a5a8-a7bdd8f3411d"", waiting until ""domcontentloaded""
"
,核算会计,#/job/e11bb393-f569-4dd0-9b3d-50346f862e33,北京,数据,完美世界游戏,2026-03-06,1,核算会计 发布于 2026-03-06 全职 全职 | 综合类 综合类 | 北京市 北京市 完美世界游戏 岗位职责：1、负责公司日常会计核算工作，包括但不限于收入、成本、费用、往来等模块的账务处理；2、按时完成月度、季度及年度结账工作，确保账务准确、合规、及时；3、编制和复核各类财务报表及附注，支持内外部审计及监管报送；4、参与财务流程梳理与优化，推动核算标准化、自动化；5、协同业务部门，提供基础财务数据支持，协助业财对齐；任职要求：1、本科及以上学历，财务、会计、审计等相关专业。2、2年以上财务或审计工作经验，有互联网、游戏、科技或快速成长型企业背景者优先；3、熟练使用主流财务软件（oracle）及办公软件（Excel函数、数据透视表等）；4、工作细致严谨，责任心强，具备良好的沟通能力和团队协作意识；5、能够在高强度节奏下稳定输出，适应月末、季末结账等关键节点的工作压力。 岗位职责： 1、负责公司日常会计核算工作，包括但不限于收入、成本、费用、往来等模块的账务处理； 2、按时完成月度、季度及年度结账工作，确保账务准确、合规、及时； 3、编制和复核各类财务报表及附注，支持内外部审计及监管报送； 4、参与财务流程梳理与优化，推动核算标准化、自动化； 5、协同业务部门，提供基础财务数据支持，协助业财对齐； 任职要求： 1、本科及以上学历，财务、会计、审计等相关专业。 2、2年以上财务或审计工作经验，有互联网、游戏、科技或快速成长型企业背景者优先； 3、熟练使用主流财务软件（oracle）及办公软件（Excel函数、数据透视表等）； 4、工作细致严谨，责任心强，具备良好的沟通能力和团队协作意识； 5、能够在高强度节奏下稳定输出，适应月末、季末结账等关键节点的工作压力。 立即投递,2026-03-14 17:17:47,,,,,,,"[detail_parse_error] Page.goto: Protocol error (Page.navigate): Cannot navigate to invalid URL
Call log:
  - navigating to ""#/job/e11bb393-f569-4dd0-9b3d-50346f862e33"", waiting until ""domcontentloaded""
"
2025,资深技术策划（AI方向）,#/job/2025f3f1-b479-462a-acad-b81f2b6226da,北京,策划,完美世界游戏,2026-03-06,1,资深技术策划（AI方向） 发布于 2026-03-06 全职 全职 | 游戏策划类 游戏策划类 | 北京市 北京市 完美世界游戏 岗位职责：1.AI工具搭建与维护：参与搭建和维护AI相关的工具链与生产流程，将AI技术深度融入策划、美术、程序等环节，提升内容生产和迭代的效率 ；2.新技术、工具等调研及引入：时刻关注市面上最新的AI及其他游戏行业相关技术，并结合项目实际情况，进行调研和引入，帮助团队保持行业竞争力。3.AI技术应用：探索并应用AIGC工具，例如利用大语言模型优化游戏内对话系统和剧情生成，或使用生成式AI辅助美术资源创作 ；岗位要求：1.熟练掌握状态机、行为树等基础AI方案的原理 。对AIGC工具有浓厚兴趣和实践经验，了解大语言模型、AI Agent等前沿技术的应用场景；2.熟悉Unity或Unreal Engine等主流游戏引擎，有使用Unity或UE制作完整项目经验者优先；3.有技术策划、系统策划或完整AI系统设计经验者优先；4.良好的交流沟通、组织协调能力；5.计算机及相关专业毕业者优先。 岗位职责： 1.AI工具搭建与维护：参与搭建和维护AI相关的工具链与生产流程，将AI技术深度融入策划、美术、程序等环节，提升内容生产和迭代的效率 ； 2.新技术、工具等调研及引入：时刻关注市面上最新的AI及其他游戏行业相关技术，并结合项目实际情况，进行调研和引入，帮助团队保持行业竞争力。 3.AI技术应用：探索并应用AIGC工具，例如利用大语言模型优化游戏内对话系统和剧情生成，或使用生成式AI辅助美术资源创作 ； 岗位要求： 1.熟练掌握状态机、行为树等基础AI方案的原理 。对AIGC工具有浓厚兴趣和实践经验，了解大语言模型、AI Agent等前沿技术的应用场景； 2.熟悉Unity或Unreal Engine等主流游戏引擎，有使用Unity或UE制作完整项目经验者优先； 3.有技术策划、系统策划或完整AI系统设计经验者优先； 4.良好的交流沟通、组织协调能力； 5.计算机及相关专业毕业者优先。 立即投递,2026-03-14 17:17:47,,,,,,,"[detail_parse_error] Page.goto: Protocol error (Page.navigate): Cannot navigate to invalid URL
Call log:
  - navigating to ""#/job/2025f3f1-b479-462a-acad-b81f2b6226da"", waiting until ""domcontentloaded""
"
4,高级游戏测试,#/job/4f3dfa2f-ac0f-4d68-a1a4-e6e40485f823,上海,测试,完美世界游戏,2026-03-06,1,高级游戏测试 发布于 2026-03-06 全职 全职 | 产品&运营类 产品&运营类 | 上海市 上海市 完美世界游戏 立即投递,2026-03-14 17:17:47,,,,,,,"[detail_parse_error] Page.goto: Protocol error (Page.navigate): Cannot navigate to invalid URL
Call log:
  - navigating to ""#/job/4f3dfa2f-ac0f-4d68-a1a4-e6e40485f823"", waiting until ""domcontentloaded""
"
5,活动/关卡策划（端游）,#/job/5d440329-c1e2-4c42-a710-8298d93734d0,北京,测试,完美世界游戏,2026-03-05,1,活动/关卡策划（端游） 发布于 2026-03-05 全职 全职 | 游戏策划类 游戏策划类 | 本科 本科 | 北京市 北京市 完美世界游戏 岗位职责：1.负责游戏副本设计，包括副本机制、怪物分布、BOSS 技能逻辑、难度曲线、奖励规则等；2.参与游戏活动玩法设计，完成活动规则、流程、奖励、数值框架及上线落地跟进；负责少量游戏剧情设计，包括世界观落地、角色塑造、任务线编排；3.撰写清晰规范的策划文档、配置表、流程图，与程序、美术、测试高效对接，确保内容按时高质量落地；4.跟进版本内容上线后的数据表现与玩家反馈，持续优化关卡、副本、活动及剧情体验；5.配合团队完成版本规划、需求拆解、风险评估及日常迭代工作。岗位要求：1.3 年左右游戏策划工作经验，有MMORPG项目经验优先；无全职经验但深度体验多款主流 MMORPG、具备清晰设计思路者可择优考虑；2.对西方奇幻题材有浓厚兴趣，有相关题材剧情、任务、副本设计经验者优先；3.具备扎实的剧情 / 关卡 / 副本设计能力，懂玩法节奏、探索感、目标感与爽点设计；4.会简单脚本语言（如 Lua、Python 等）或能使用编辑器配置逻辑者优先；5.热爱游戏，思路清晰，具备良好的逻辑思维、沟通能力与执行力。6.工作认真负责，能承受项目迭代压力，具备良好的团队协作意识。加分项：1.有完整上线项目关卡 / 副本 / 活动 / 剧情策划经验。2.具备一定文案功底，能独立撰写剧情与任务文本。3.熟悉游戏编辑器、关卡编辑工具或地图编辑器。4.对游戏数值、战斗、投放有基础理解。 岗位职责： 1.负责游戏副本设计，包括副本机制、怪物分布、BOSS 技能逻辑、难度曲线、奖励规则等； 2.参与游戏活动玩法设计，完成活动规则、流程、奖励、数值框架及上线落地跟进；负责少量游戏剧情设计，包括世界观落地、角色塑造、任务线编排； 3.撰写清晰规范的策划文档、配置表、流程图，与程序、美术、测试高效对接，确保内容按时高质量落地； 4.跟进版本内容上线后的数据表现与玩家反馈，持续优化关卡、副本、活动及剧情体验； 5.配合团队完成版本规划、需求拆解、风险评估及日常迭代工作。 岗位要求： 1.3 年左右游戏策划工作经验，有MMORPG项目经验优先；无全职经验但深度体验多款主流 MMORPG、具备清晰设计思路者可择优考虑； 2.对西方奇幻题材有浓厚兴趣，有相关题材剧情、任务、副本设计经验者优先； 3.具备扎实的剧情 / 关卡 / 副本设计能力，懂玩法节奏、探索感、目标感与爽点设计； 4.会简单脚本语言（如 Lua、Python 等）或能使用编辑器配置逻辑者优先； 5.热爱游戏，思路清晰，具备良好的逻辑思维、沟通能力与执行力。 6.工作认真负责，能承受项目迭代压力，具备良好的团队协作意识。 加分项： 1.有完整上线项目关卡 / 副本 / 活动 / 剧情策划经验。 2.具备一定文案功底，能独立撰写剧情与任务文本。 3.熟悉游戏编辑器、关卡编辑工具或地图编辑器。 4.对游戏数值、战斗、投放有基础理解。 立即投递,2026-03-14 17:17:47,,,,,,,"[detail_parse_error] Page.goto: Protocol error (Page.navigate): Cannot navigate to invalid URL
Call log:
  - navigating to ""#/job/5d440329-c1e2-4c42-a710-8298d93734d0"", waiting until ""domcontentloaded""
"
3,资深客户端开发（帧同步）,#/job/3c081b5b-17ab-4ecd-8aea-6be6769e9ecd,北京,数据,完美世界游戏,2026-03-04,1,"资深客户端开发（帧同步） 发布于 2026-03-04 全职 全职 | 游戏程序类 游戏程序类 | 本科 本科 | 北京市 北京市 完美世界游戏 岗位职责1. 核心逻辑开发：负责基于帧同步架构的游戏玩法逻辑、技能系统及运动控制系统的开发与维护。2. 确定性物理实现：针对帧同步需求，负责定点数物理库的集成与优化。3. 性能调优：负责内存，CPU耗时，发热以及带宽等问题的优化。4. 同步策略优化：处理网络抖动、丢包补偿、预测拉回（Rollback）等复杂同步机制，提升玩家手感。5. 底层支持：编写和维护功能模块框架代码，确保逻辑与表现层（View）的彻底解耦。任职要求1. 深度理解帧同步原理，有实际的定点数（Fixed Point）数学库使用经验。2. 熟悉逻辑与表现分离的开发模式（ECS 架构经验者优先）。3. 精通 Unity 物理系统（Collider, Rigidbody, Raycast）。4. 了解物理引擎的离散与连续碰撞检测原理。5. 语言功底：精通 C#，具备良好的算法和数据结构基础，对内存管理和多线程编程有深刻理解。6. 工程素养：代码风格严谨，能够编写高质量、高可维护性的代码，抗压能力强。7.加分项：具备重写物理逻辑或集成第三方定点数物理引擎（如 BEPUphysics, Bullet 或 自研物理库）的经验。 岗位职责 1. 核心逻辑开发：负责基于帧同步架构的游戏玩法逻辑、技能系统及运动控制系统的开发与维护。 2. 确定性物理实现：针对帧同步需求，负责定点数物理库的集成与优化。 3. 性能调优：负责内存，CPU耗时，发热以及带宽等问题的优化。 4. 同步策略优化：处理网络抖动、丢包补偿、预测拉回（Rollback）等复杂同步机制，提升玩家手感。 5. 底层支持：编写和维护功能模块框架代码，确保逻辑与表现层（View）的彻底解耦。 任职要求 1. 深度理解帧同步原理，有实际的定点数（Fixed Point）数学库使用经验。 2. 熟悉逻辑与表现分离的开发模式（ECS 架构经验者优先）。 3. 精通 Unity 物理系统（Collider, Rigidbody, Raycast）。 4. 了解物理引擎的离散与连续碰撞检测原理。 5. 语言功底：精通 C#，具备良好的算法和数据结构基础，对内存管理和多线程编程有深刻理解。 6. 工程素养：代码风格严谨，能够编写高质量、高可维护性的代码，抗压能力强。 7.加分项：具备重写物理逻辑或集成第三方定点数物理引擎（如 BEPUphysics, Bullet 或 自研物理库）的经验。 立即投递",2026-03-14 17:17:47,,,,,,,"[detail_parse_error] Page.goto: Protocol error (Page.navigate): Cannot navigate to invalid URL
Call log:
  - navigating to ""#/job/3c081b5b-17ab-4ecd-8aea-6be6769e9ecd"", waiting until ""domcontentloaded""
"
,游戏客服（成都）,#/job/e6094d9d-c5ca-432d-9295-982ec323d66c,成都,运营,完美世界游戏,2026-03-03,1,游戏客服（成都） 发布于 2026-03-03 全职 全职 | 产品&运营类 产品&运营类 | 四川·成都市 四川·成都市 完美世界游戏 岗位工作：1、 通过语音或文字形式，对客户提出的问题给予专业性的回答。例如提供游戏账号、服务流程及产品信息等方面的答疑及引导；2、 倾听用户心声，了解用户需求，收集他们的理性建议和关于游戏bug的反馈，并协助技术人员处理游戏中的问题；任职要求：1 、全日制专科及以上学历；2、语言表达流畅，有接听或者外呼经验，熟悉计算机操作，打字速度50字/分钟以上；3、具有优秀的服务意识、良好的倾听理解能力和应变素质；4、能适应24小时倒班制。 岗位工作： 1、 通过语音或文字形式，对客户提出的问题给予专业性的回答。例如提供游戏账号、服务流程及产品信息等方面的答疑及引导； 2、 倾听用户心声，了解用户需求，收集他们的理性建议和关于游戏bug的反馈，并协助技术人员处理游戏中的问题； 任职要求： 1 、全日制专科及以上学历； 2、语言表达流畅，有接听或者外呼经验，熟悉计算机操作，打字速度50字/分钟以上； 3、具有优秀的服务意识、良好的倾听理解能力和应变素质； 4、能适应24小时倒班制。 立即投递,2026-03-14 17:17:47,,,,,,,"[detail_parse_error] Page.goto: Protocol error (Page.navigate): Cannot navigate to invalid URL
Call log:
  - navigating to ""#/job/e6094d9d-c5ca-432d-9295-982ec323d66c"", waiting until ""domcontentloaded""
"
5,UE5地编实习生,#/job/5bf80a97-dc68-49c5-b67b-551891157787,北京,设计,完美世界游戏,2026-03-03,1,UE5地编实习生 发布于 2026-03-03 实习 实习 | 美术设计类 美术设计类 | 北京市 北京市 完美世界游戏 【岗位职责】1、使用UE5完成地形雕刻、植被铺设和物件摆放，根据白盒模型进行场景整合。 2、负责3D资产（模型、贴图、材质）的导入、检查与管理。【任职要求】1、熟练使用UE5基础操作，掌握地形系统、常用工具及资产导入流程。2、 具备良好的美术基础，对构图、光影和色彩有一定理解。3、 责任心强，能够根据反馈快速修改，热爱游戏开发行业。 【岗位职责】 1、使用UE5完成地形雕刻、植被铺设和物件摆放，根据白盒模型进行场景整合。 2、负责3D资产（模型、贴图、材质）的导入、检查与管理。 【任职要求】 1、熟练使用UE5基础操作，掌握地形系统、常用工具及资产导入流程。 2、 具备良好的美术基础，对构图、光影和色彩有一定理解。 3、 责任心强，能够根据反馈快速修改，热爱游戏开发行业。 立即投递,2026-03-14 17:17:47,,,,,,,"[detail_parse_error] Page.goto: Protocol error (Page.navigate): Cannot navigate to invalid URL
Call log:
  - navigating to ""#/job/5bf80a97-dc68-49c5-b67b-551891157787"", waiting until ""domcontentloaded""
"
8158789,Unity高级开发工程师,#/job/8158789a-9a8b-43ed-ace9-f1c39d27a50b,成都,策划,完美世界游戏,2026-03-03,1,Unity高级开发工程师 发布于 2026-03-03 全职 全职 | 游戏程序类 游戏程序类 | 本科 本科 | 四川·成都市 四川·成都市 完美世界游戏 岗位职责1、负责大型Unity项目的核心模块开发、优化与维护；2、参与项目架构设计，编写高质量、可复用的C#与Lua代码；3、与策划、美术、后端团队协作，推动项目功能落地与性能提升；4、攻克技术难点，保障项目稳定性与用户体验；5、带领或指导初中级开发人员，推动团队技术成长。任职要求1、5-10年Unity项目开发经验，计算机相关专业本科及以上学历；2、有大型Unity项目完整开发经验，回合制MMO项目经验者优先；3、精通C#和Lua，对C#底层原理、数据结构、设计模式有深入理解；4、熟悉Unity引擎架构、渲染管线、性能优化及网络同步机制；5、具备良好的沟通能力、团队协作精神和解决问题的能力； 岗位职责 1、负责大型Unity项目的核心模块开发、优化与维护； 2、参与项目架构设计，编写高质量、可复用的C#与Lua代码； 3、与策划、美术、后端团队协作，推动项目功能落地与性能提升； 4、攻克技术难点，保障项目稳定性与用户体验； 5、带领或指导初中级开发人员，推动团队技术成长。 任职要求 1、5-10年Unity项目开发经验，计算机相关专业本科及以上学历； 2、有大型Unity项目完整开发经验，回合制MMO项目经验者优先； 3、精通C#和Lua，对C#底层原理、数据结构、设计模式有深入理解； 4、熟悉Unity引擎架构、渲染管线、性能优化及网络同步机制； 5、具备良好的沟通能力、团队协作精神和解决问题的能力； 立即投递,2026-03-14 17:17:47,,,,,,,"[detail_parse_error] Page.goto: Protocol error (Page.navigate): Cannot navigate to invalid URL
Call log:
  - navigating to ""#/job/8158789a-9a8b-43ed-ace9-f1c39d27a50b"", waiting until ""domcontentloaded""
"
29,3D角色,#/job/29b4577c-30e4-490d-ad00-cd2e37fdf99a,北京,设计,完美世界游戏,2026-03-03,1,3D角色 发布于 2026-03-03 全职 全职 | 美术设计类 美术设计类 | 本科 本科 | 北京市 北京市 完美世界游戏 岗位职责：1、负责二次元风格角色、生物及场景的3D模型制作，确保符合项目美术规范与风格要求。2、独立完成从原画分析、中高模雕刻、拓扑低模到UV拆分、贴图绘制的全流程工作。3、准确把握二次元风格的造型特点，结合手绘贴图表现色彩、光影与质感。4、针对生物类角色，依据解剖结构进行合理设计与细化，兼顾视觉美感与结构合理性。5、配合团队完成材质渲染、引擎调试等工作，确保模型在PBR流程下的最终效果。任职要求：1、热爱二次元文化，熟悉二次元风格模型制作规范与审美特点。2、具备优秀的美术功底与手绘能力，对形体、色彩、质感有敏锐的表现力。3、熟练使用ZBrush进行中高模雕刻，掌握Substance Painter等贴图制作软件。4、熟悉生物解剖结构，能基于解剖知识进行合理造型设计与细节刻画。5、熟练掌握PBR制作流程，了解主流引擎（如Unity、UE）的材质与渲染设置。6、具备良好的沟通协作能力，对创作有热情，能适应项目开发节奏。加分项：有二次元游戏项目经验或完整作品集者优先；了解动画绑定、布料解算等相关知识。 岗位职责： 1、负责二次元风格角色、生物及场景的3D模型制作，确保符合项目美术规范与风格要求。 2、独立完成从原画分析、中高模雕刻、拓扑低模到UV拆分、贴图绘制的全流程工作。 3、准确把握二次元风格的造型特点，结合手绘贴图表现色彩、光影与质感。 4、针对生物类角色，依据解剖结构进行合理设计与细化，兼顾视觉美感与结构合理性。 5、配合团队完成材质渲染、引擎调试等工作，确保模型在PBR流程下的最终效果。 任职要求： 1、热爱二次元文化，熟悉二次元风格模型制作规范与审美特点。 2、具备优秀的美术功底与手绘能力，对形体、色彩、质感有敏锐的表现力。 3、熟练使用ZBrush进行中高模雕刻，掌握Substance Painter等贴图制作软件。 4、熟悉生物解剖结构，能基于解剖知识进行合理造型设计与细节刻画。 5、熟练掌握PBR制作流程，了解主流引擎（如Unity、UE）的材质与渲染设置。 6、具备良好的沟通协作能力，对创作有热情，能适应项目开发节奏。 加分项： 有二次元游戏项目经验或完整作品集者优先； 了解动画绑定、布料解算等相关知识。 立即投递,2026-03-14 17:17:47,,,,,,,"[detail_parse_error] Page.goto: Protocol error (Page.navigate): Cannot navigate to invalid URL
Call log:
  - navigating to ""#/job/29b4577c-30e4-490d-ad00-cd2e37fdf99a"", waiting until ""domcontentloaded""
"
,游戏研发PM,#/job/e2eef96b-4321-47e9-921b-5ab54519f6a7,上海,研发,完美世界游戏,2026-03-03,1,游戏研发PM 发布于 2026-03-03 全职 全职 | 综合类 综合类 | 本科 本科 | 上海市 上海市 完美世界游戏 岗位职责：1、参与项目规划和计划的制定，跟进和推进项目进度；2、对项目执行监控，对不合理流程进行反馈，优化管理体系；3、负责项目资源的协调与组织，确保项目团队各干系人协同工作，高效沟通；4、协助制定各项目资源分配方案，做好跨部门间的沟通协作；任职要求：1、本科以上学历，3年以上游戏研发相关项目管理经验；2、热爱游戏制作，至少参与过一款3D手游开发；3、了解或应用过飞书项目，多为表格等管理工具；4、对游戏研发有一定程度的了解，熟悉游戏开发过程与人员分工、合作上下游情况；5、逻辑清晰，严谨，能够多线思维，具有较强的目标管理能力 岗位职责： 1、参与项目规划和计划的制定，跟进和推进项目进度； 2、对项目执行监控，对不合理流程进行反馈，优化管理体系； 3、负责项目资源的协调与组织，确保项目团队各干系人协同工作，高效沟通； 4、协助制定各项目资源分配方案，做好跨部门间的沟通协作； 任职要求： 1、本科以上学历，3年以上游戏研发相关项目管理经验； 2、热爱游戏制作，至少参与过一款3D手游开发； 3、了解或应用过飞书项目，多为表格等管理工具； 4、对游戏研发有一定程度的了解，熟悉游戏开发过程与人员分工、合作上下游情况； 5、逻辑清晰，严谨，能够多线思维，具有较强的目标管理能力 立即投递,2026-03-14 17:17:47,,,,,,,"[detail_parse_error] Page.goto: Protocol error (Page.navigate): Cannot navigate to invalid URL
Call log:
  - navigating to ""#/job/e2eef96b-4321-47e9-921b-5ab54519f6a7"", waiting until ""domcontentloaded""
"
6198,分镜导演,#/job/6198d71f-1cc6-4e1c-9806-2be1a1ab4cb2,北京,设计,完美世界游戏,2026-03-02,1,分镜导演 发布于 2026-03-02 全职 全职 | 美术设计类 美术设计类 | 北京市 北京市 完美世界游戏 岗位职责：1、 根据导演意图独立设计绘制完成符合动画需要的分镜故事版，作为指导下一步中期制作的依据；2、 能娴熟驾驭镜头，有良好的透视和镜头感，对镜头语言的组织力强，通过镜头的准确把握来表达情节；3、 绘画功底扎实，画面形象须简洁易懂，便于中期制作。任职资格：1、 有一定导演思维，能够体现导演的创作意图，创作思想，和创作风格；2、 具备良好的沟通与较强的理解能力，能理解和解析剧本构架，准确把握剧本节奏；3、 了解各种动画风格，有用画面讲故事的能力，镜头运用必须流畅自然，节奏明晰；4、 具备优秀的创意能力和良好的画面感，能够准确的把握动画的整体节奏与表现风格；5、 具备较强的独立工作能力、指导能力和团队合作能力。6、 曾任职国际知名或国内领先的动漫公司分镜师及相关职务，有知名动漫代表作品且由本人主要负责分镜工作的优先考虑； 岗位职责： 1、 根据导演意图独立设计绘制完成符合动画需要的分镜故事版，作为指导下一步中期制作的依据； 2、 能娴熟驾驭镜头，有良好的透视和镜头感，对镜头语言的组织力强，通过镜头的准确把握来表达情节； 3、 绘画功底扎实，画面形象须简洁易懂，便于中期制作。 任职资格： 1、 有一定导演思维，能够体现导演的创作意图，创作思想，和创作风格； 2、 具备良好的沟通与较强的理解能力，能理解和解析剧本构架，准确把握剧本节奏； 3、 了解各种动画风格，有用画面讲故事的能力，镜头运用必须流畅自然，节奏明晰； 4、 具备优秀的创意能力和良好的画面感，能够准确的把握动画的整体节奏与表现风格； 5、 具备较强的独立工作能力、指导能力和团队合作能力。 6、 曾任职国际知名或国内领先的动漫公司分镜师及相关职务，有知名动漫代表作品且由本人主要负责分镜工作的优先考虑； 立即投递,2026-03-14 17:17:47,,,,,,,"[detail_parse_error] Page.goto: Protocol error (Page.navigate): Cannot navigate to invalid URL
Call log:
  - navigating to ""#/job/6198d71f-1cc6-4e1c-9806-2be1a1ab4cb2"", waiting until ""domcontentloaded""
"
5,数值策划,#/job/5a26bf9c-a5ca-4bea-8703-44004510cfd0,北京,策划,完美世界游戏,2026-03-02,1,数值策划 发布于 2026-03-02 全职 全职 | 游戏策划类 游戏策划类 | 北京市 北京市 完美世界游戏 岗位职责：1、游戏基础框架的数学模型搭建和公式设计；2、根据游戏的开发要求和运营现状，维护和建立游戏的数值框架规划；3、维护游戏日常资源投放规划、保持游戏内经济系统平衡；为各系统提供数值模型和数据支持，并保证其合理性和易用性；4、不断优化游戏数值体系的平衡性，并随着项目版本的推进使保持可持续发展。任职要求：1、本科以上学历2、有mmorpg网络游戏经验；3、对游戏数值感觉敏锐，热衷于研究网游的数值系统以及相关数学模型；4、熟练使用excel，熟悉VBA者优先；5、懂得mmorpg数值配平基本规则，了解规则平衡与数值平衡的常用方法；6、良好的团队协作精神，较好的沟通与协调能力； 岗位职责： 1、游戏基础框架的数学模型搭建和公式设计； 2、根据游戏的开发要求和运营现状，维护和建立游戏的数值框架规划； 3、维护游戏日常资源投放规划、保持游戏内经济系统平衡；为各系统提供数值模型和数据支持，并保证其合理性和易用性； 4、不断优化游戏数值体系的平衡性，并随着项目版本的推进使保持可持续发展。 任职要求： 1、本科以上学历 2、有mmorpg网络游戏经验； 3、对游戏数值感觉敏锐，热衷于研究网游的数值系统以及相关数学模型； 4、熟练使用excel，熟悉VBA者优先； 5、懂得mmorpg数值配平基本规则，了解规则平衡与数值平衡的常用方法； 6、良好的团队协作精神，较好的沟通与协调能力； 立即投递,2026-03-14 17:17:47,,,,,,,"[detail_parse_error] Page.goto: Protocol error (Page.navigate): Cannot navigate to invalid URL
Call log:
  - navigating to ""#/job/5a26bf9c-a5ca-4bea-8703-44004510cfd0"", waiting until ""domcontentloaded""
"
,采购工程师（市场品类）,#/job/e607dd1f-c42b-46fc-891f-10cd0707c779,,市场,完美世界游戏,,1,采购工程师（市场品类）,2026-03-14 17:17:47,,,,,,,"[detail_parse_error] Page.goto: Protocol error (Page.navigate): Cannot navigate to invalid URL
Call log:
  - navigating to ""#/job/e607dd1f-c42b-46fc-891f-10cd0707c779"", waiting until ""domcontentloaded""
"
